,min_0.pdb,min_1.pdb,min_10.pdb,min_11.pdb,min_12.pdb,min_13.pdb,min_14.pdb,min_15.pdb,min_16.pdb,min_17.pdb,min_18.pdb,min_19.pdb,min_2.pdb,min_3.pdb,min_4.pdb,min_5.pdb,min_6.pdb,min_7.pdb,min_8.pdb,min_9.pdb
1,7.220852,7.57795,7.1029887,7.2207375,9.78863,7.113526,5.7138395,8.3055525,6.288102,7.4068604,8.044491,7.7593975,5.773272,9.584629,7.104702,9.690666,9.568358,6.64515,7.6255574,8.317747
2,5.357002,5.7306,4.8523483,5.103738,5.6261706,5.0806603,5.35238,4.775224,4.181172,5.1409655,6.0212517,5.7827373,5.039072,5.116221,6.502696,7.140126,5.7641397,5.054319,5.4546146,4.984812
3,4.6852283,5.2315845,4.3802257,4.7905874,5.38197,4.5898957,4.973752,4.422945,3.750063,4.739134,5.501295,5.2727933,3.942399,4.7665043,5.9630036,6.0882163,5.4277225,4.5838895,5.102271,4.555725
4,3.8204052,3.972229,3.4533925,3.7541895,3.9760258,3.3675272,3.3914053,3.012151,2.4072478,3.0478945,4.255212,3.943389,4.128293,3.6264718,5.3561187,4.8994446,4.3708425,3.5606225,3.6039279,2.9790518
5,2.9379437,3.2576892,2.9824007,2.8544154,3.7027073,3.8642027,3.2176645,2.5032785,2.3655763,3.0971832,3.9106994,3.2194788,3.1529799,2.6611805,5.4992957,3.6742005,3.5613642,3.009514,3.4148185,2.6286638
6,1.3058054,1.6180907,1.1566286,1.2082305,1.680166,1.3922154,1.4155793,1.7396891,0.83228993,1.3458563,2.2881505,1.2023544,1.8052472,1.4706336,1.7669603,2.3471138,2.5064006,1.946051,1.9521004,1.106325
7,1.9646294,0.6594596,1.2607754,0.66929,1.0976398,0.6883885,0.79249734,1.7453289,0.6374622,0.9171451,2.117053,0.5325924,1.1056143,0.6078394,1.8595729,1.6532005,1.7132989,1.9858427,1.3737785,0.28575617
8,1.423743,0.79218096,1.71454,1.6056167,1.6104228,2.1737196,0.8020839,2.0646458,1.7473657,1.7269826,1.7295611,1.4369746,0.78190774,0.90327555,3.1206946,1.5355884,1.2790627,1.955194,2.0269186,1.5242467
9,2.533017,2.0866013,2.8190863,2.4094245,2.5841763,2.4810643,1.7173638,3.1724544,1.9979453,2.2806158,1.913115,2.2389581,1.3417951,1.6522318,3.411167,0.82500845,0.8634492,2.5832813,2.2925525,2.4527984
10,3.476469,3.336568,3.8970597,3.739087,3.0328646,3.5952892,2.4433603,4.1727133,3.3864255,3.6561928,3.0952826,3.4696615,2.6280928,2.6250784,3.7652564,2.6199083,1.6180145,3.5393827,3.319122,3.3778415
11,5.598024,4.7659154,5.571895,5.531911,4.40776,5.5052395,4.1739364,5.8744717,5.3441453,4.951745,4.4857116,5.6942472,4.1210856,4.143213,5.2851424,3.287999,3.1369953,4.9142814,4.447581,5.040013
12,4.8802614,5.7318063,4.7376475,4.8127985,3.5573416,4.316662,3.3260922,4.5643506,4.6718345,4.102353,4.443555,4.645022,4.8113737,4.129078,4.148922,3.2346854,2.446498,4.3053355,5.3923197,4.751797
13,1.3127767,0.9315472,1.364701,1.3576403,2.3369899,1.3336959,0.20503072,1.1238155,0.7169885,2.2278006,1.7370875,1.0665509,0.7403929,1.3504882,2.2463367,1.7763344,1.8068063,1.2513791,2.5061765,1.503584
14,1.0897553,1.8696616,1.7988889,1.5684618,2.1392293,0.83569455,0.73085546,1.1733713,0.77981704,1.9653056,1.4652077,1.0621424,0.6644843,1.5029098,3.6036026,1.6429206,1.1349746,1.3448621,2.0976875,1.7944695
15,0.7212095,1.5053487,1.2919887,2.097232,0.55844814,1.4061067,0.99605274,0.8705543,0.70320827,0.6815631,0.48893097,0.63159597,0.54958117,0.968213,1.6634243,0.89235026,0.76354986,0.54524916,1.0170212,0.9206555
16,0.85372114,0.7731916,1.6450015,1.664733,0.9639161,0.7906684,1.0776395,1.0640117,0.71850526,0.99074644,0.5449274,0.9469323,0.61906296,0.72289544,1.3885388,1.0917398,1.0725373,0.60169613,1.2929329,0.98192334
17,0.6922855,1.7237171,1.655661,1.5657347,0.89159685,0.28688887,1.2877355,0.79709667,0.69369715,0.8353653,1.1940285,0.72277474,0.7060402,1.1463745,1.3822336,1.143066,0.8372107,0.3462708,1.1039145,0.71732634
18,0.30111817,0.9769748,1.2103244,1.8039031,0.97268254,0.74420553,0.73689485,0.53751475,0.73018324,0.36775646,0.81506515,0.3752686,0.67950743,0.5074273,0.95622396,1.2037605,0.7324101,0.2162461,0.6682708,0.48781225
19,0.27191323,1.050843,0.5125146,0.39117083,0.751831,0.59378433,0.61323935,0.62719595,0.58412933,0.4881042,0.96096575,0.2931019,0.86991733,0.5517482,1.5295498,0.75070685,0.78753436,0.41241923,0.8671098,0.46436816
20,0.694321,0.96713525,0.50529844,1.0058663,0.48418435,0.6122444,0.82192546,0.6375932,0.6170162,0.4974196,1.0262166,0.8997782,1.1239837,0.900891,1.1277809,1.3195356,1.2234137,0.6335704,0.9291901,0.8349739
21,1.028872,1.0007364,1.3556765,1.0713823,0.51830196,0.5727935,0.6371088,0.5582833,0.67403865,0.64071625,1.3074598,0.94881123,1.0026546,0.8356761,1.1113788,1.4778427,1.1145539,0.38325107,0.838869,0.76379824
22,0.9243316,1.3265766,0.73672354,0.9157901,0.44896883,0.34110302,0.39021695,0.70427215,0.68764406,0.68891627,0.8199923,0.96002513,0.9414226,0.8647111,0.8516008,1.187476,1.5302912,0.3177147,0.8418001,0.63560885
23,0.9273135,0.4727843,0.7272186,2.1880019,0.5353481,0.6040089,0.4713984,0.31664374,0.8417704,0.57178247,0.26760864,1.6175818,0.7876237,0.7049568,0.92913646,0.5847935,0.869855,0.57271504,0.8454134,0.7532152
24,1.3696928,1.5393206,0.9180297,0.7557634,1.032898,0.4859527,0.55204904,0.6554067,0.52667373,0.7805324,0.6044538,1.0014278,0.4792214,0.4068475,1.5529835,0.8454502,0.6299817,0.7449957,1.2767898,0.81355155
25,1.3772336,1.2911233,1.4018272,1.8121103,1.2026936,1.6934302,1.285639,1.117951,1.2739421,1.3017082,1.3845594,0.65954703,1.5505648,1.20596,1.4492569,1.7729731,1.5957041,1.0241376,0.7558736,1.100382
26,1.4478408,1.2482567,0.7539397,1.158514,1.1202593,1.1504822,1.1169293,1.7232423,0.6247134,0.5036242,1.298421,1.3525487,1.6284018,1.0717152,2.2572112,1.9476526,1.6353402,0.87169945,0.9446303,1.2782265
27,1.2019241,1.2965633,0.91414857,1.0259655,0.9935385,1.1575916,1.2161754,1.5297133,0.74403,0.80280197,1.2427146,1.7729647,1.5496961,1.4089116,1.231843,1.0846454,1.765389,1.0875155,1.2288272,1.0308201
28,0.8324237,1.2195053,1.2521852,1.0507541,1.0116137,0.7514498,1.3817074,0.88005745,0.94235367,1.1895975,1.3484726,1.562592,1.4878174,1.3627992,1.6015946,0.9099963,1.3263433,1.2333742,1.0129652,0.746667
29,0.553151,0.92318714,1.0164855,1.0005875,0.9014982,0.76668185,1.2071966,0.5778425,0.7651387,0.82970345,1.2381232,1.5436555,1.4645152,1.3645465,1.2440555,1.5234691,1.4392012,1.2004473,0.9062534,0.7566154
30,0.5810775,0.8224746,0.68963426,0.6204828,0.23832731,0.7738788,0.6690481,0.5716108,0.53602535,0.54968995,0.7975557,1.0631905,0.91242737,1.0116862,0.67017007,1.5214397,1.3469634,0.6489323,0.77463865,0.5190184
31,0.73293656,1.0427189,0.65404683,0.39711156,0.3879226,0.4968763,0.53504366,0.8514228,0.36828655,0.3698975,0.6172781,0.5371973,0.8155661,0.94158876,0.545114,0.9172907,0.9023137,0.35627997,0.7071058,0.3304409
32,0.51309437,0.38830227,0.77519345,0.5445177,0.49378783,0.496795,0.64189404,0.7279553,0.21700656,0.83550566,0.5992106,0.6918064,0.9468134,0.93660367,0.7397111,0.62779695,0.97886354,0.73755413,0.6525036,0.451189
33,0.6250279,0.3706681,0.8292623,0.37627223,0.87459445,0.5459326,0.57604307,0.54381156,0.46086916,0.44191328,0.7328958,0.8693179,0.8258689,0.7701972,0.57368135,1.5070976,1.1050043,0.69056886,0.79580903,0.54297984
34,0.9083375,0.38498202,1.1531025,0.77096856,0.23483287,0.5576417,0.4315144,0.63981754,0.8095599,0.8716864,0.84865,0.55454963,0.48178032,0.43966648,0.20490208,1.857244,0.8793052,0.87763643,0.79871356,0.46762222
35,0.9022917,0.35258913,1.0836704,0.49103782,2.5449493,0.36070737,0.45735735,0.6892342,0.7569139,0.6225028,0.5008924,0.1951386,0.31645343,0.15064222,0.17099085,1.2451425,0.40655395,1.4475131,0.6153915,0.6252908
36,0.9814965,0.36441866,1.4528475,0.54458445,2.1023622,0.42337263,0.5029924,0.82210714,0.6826048,0.6526034,0.55923855,0.7505983,0.84493667,0.5505217,1.1165618,1.4580618,1.1452124,1.1663637,0.7363424,0.7857774
37,0.9063892,0.43351385,1.3052328,1.2504271,1.4727348,0.39369515,0.3201723,0.6269268,1.0320898,0.5830473,0.6705456,0.79851115,0.76088554,0.66121197,1.5557873,1.8477662,1.3939793,1.1849225,0.5429087,0.80521303
38,0.6672061,0.47532225,0.59782577,0.7739911,1.3983376,0.4965979,0.38499463,0.42099473,0.8815227,0.62280464,0.7420971,1.356954,1.5427232,0.56508225,0.7519591,1.3622223,1.1903893,0.9927799,0.48210627,1.3917136
39,1.0496447,0.7564747,0.22590758,0.6821244,1.4280827,0.53299004,0.34914872,0.26550654,0.72549176,0.5674174,0.72368723,0.47845533,1.066458,0.37135994,1.4547607,1.262698,1.5926882,1.6143126,0.33722502,1.1948348
40,0.40551507,1.2716905,0.22113706,0.3209373,0.8955432,0.4036143,0.43356544,0.25046268,0.92717075,0.9903023,0.86047876,0.7166196,1.6127974,1.229354,0.46859846,0.8901986,1.9252883,0.9560244,0.40158606,0.60125214
41,0.7056492,0.8752649,0.46552393,0.408999,0.35737595,0.46167624,0.6301339,0.6134032,1.2173165,1.2564465,0.9983936,0.37250432,2.0453007,0.6787505,0.37689957,0.9863317,1.8867029,0.62072515,0.96388966,0.71565336
42,1.0771403,1.3452917,0.5156844,0.32422712,1.3074988,0.68514884,1.1599066,1.2128645,1.0857089,1.318517,1.4144459,0.18135107,1.8161713,1.4954451,1.6534836,0.9914117,1.4896357,2.1491241,1.102974,0.73317176
43,1.1070015,1.039867,0.64451224,0.8837512,0.80517906,0.79774815,0.9472356,1.0905048,0.9762399,0.50026435,0.42560184,0.23244311,1.3798813,0.65108865,1.0663562,1.0060456,1.0115881,0.8626484,0.5484852,0.55357164
44,0.673653,0.73512954,0.42018998,0.8700862,0.29844114,1.1315793,0.5068933,0.53617305,0.7851847,0.48231897,0.21716689,1.4235827,0.43446046,0.5732576,0.5659271,1.7248118,0.42287976,0.43906686,0.48565066,0.2522707
45,1.019458,0.7717187,0.7478437,2.2534363,0.9183867,1.6335844,1.0860505,0.94173586,0.8189951,1.4265088,0.9081444,1.0539789,1.2914901,1.3239573,0.69163895,1.3607385,0.24838904,0.8116715,0.7968862,0.48777908
46,0.79439306,0.8602412,0.7208032,0.36774695,0.399665,0.9891288,0.9304396,0.99831045,0.80429894,0.639084,1.7663599,1.4470847,1.2654029,1.7264211,0.665941,1.1542557,0.65891767,0.79344,1.4342098,0.92397594
47,0.6768478,0.869192,1.5385433,0.5222942,0.7668594,1.4873469,0.8101137,0.4599643,0.91911185,0.50268567,1.5035609,1.9249771,0.5999814,1.8345301,1.0665854,1.1433936,1.2488054,0.6211852,0.92764515,0.77481097
48,0.92806965,0.9079239,0.66704345,0.5591613,0.57914925,0.8380552,0.64755666,0.40395784,0.59733665,0.2748903,0.9194585,0.90741813,0.32211792,0.5319834,0.8147339,0.9376279,0.4934694,0.5168663,0.59470606,0.58757865
49,0.33254945,0.6343415,0.53028387,0.48890275,0.16782625,0.46801558,0.43975893,0.5145664,0.4437461,1.0989846,1.4817113,0.49176052,1.3523988,0.42844123,0.38988474,1.4218031,0.21779521,0.20450184,0.5859724,0.35696578
50,0.3179215,0.96750504,0.20931359,0.33513704,0.3783002,0.10945328,0.18094358,0.2962359,0.21729676,0.43791842,0.47088248,0.11603153,0.78321844,0.42485383,1.1565714,1.2347876,0.3012173,0.7852091,0.426695,0.3440943
51,0.25325477,0.3703569,0.31083167,0.18371613,0.41195208,0.14402193,0.19977453,0.16922426,0.34480876,1.2216109,0.2694827,0.36870208,0.8153908,0.93699133,0.3384073,0.57543296,0.40495273,0.7826823,0.3352121,0.29746014
52,0.30097649,0.1629722,0.13059433,0.19830695,0.36472026,0.13732535,0.15496668,0.15084648,0.6159307,0.7737665,0.3094015,0.37443954,0.62104994,0.47551307,0.28352752,0.5117356,0.4652963,0.58399856,0.3075463,0.13402483
53,0.37733686,0.3821586,0.2739831,0.2536293,0.361545,0.69476515,0.31205678,0.15121783,0.25189766,0.31319982,0.66799605,0.5222662,0.505104,0.2863741,0.65485394,0.7789077,0.2466524,0.30721936,0.43642154,0.21817097
54,0.3635857,0.32426792,0.35448167,0.4181013,0.1914409,0.3646829,0.32094553,0.27166805,0.17188866,0.26379725,0.4915919,0.6378207,0.61243904,0.3755909,0.5275433,0.843201,0.30428487,0.1999459,0.33682072,0.30415964
55,0.37356412,0.87243783,0.30079988,0.16335653,0.17789637,0.0999359,0.26959583,0.1823365,0.57746893,0.48666418,1.1528528,0.15409774,0.32329172,0.37395447,0.5839606,0.6169997,0.28828642,0.27911535,0.35611072,0.25829574
56,0.6175863,1.1794369,0.25932258,0.20461358,0.45180959,0.33737338,0.4046716,0.33659092,0.84591526,0.56357986,1.7702072,0.22392207,0.44117674,0.39834538,1.0229994,1.0413505,0.39823052,0.38261497,0.2995248,0.46897036
57,0.5865664,0.927646,0.82335895,0.74822503,0.656274,0.2462555,0.7171163,1.0336304,1.2514337,0.88293123,1.5274298,0.72752,0.81976175,0.549007,1.1988202,1.5664796,0.76716876,0.80027044,0.19976398,0.6214121
58,0.4262738,0.96936554,0.9230516,0.54561406,0.47542074,0.5261162,1.0535576,0.46304366,1.373835,1.2115456,2.0782785,1.4553224,0.96129525,1.1380143,1.2094221,1.8581728,1.3749483,1.0688368,0.36929354,0.8060625
59,0.20465538,1.3515424,0.7944785,0.6026359,0.49478477,0.6749135,1.0782752,0.35074696,0.8485548,1.3711754,1.5834019,1.6492574,1.2253288,1.4939922,1.2008439,1.8395967,1.7388891,0.9810249,0.39127007,0.9054945
60,0.15308233,1.5004865,0.35514197,0.4794926,0.45966014,0.50355136,0.90331167,1.0582243,0.51506037,1.2239069,0.98437446,1.8430237,1.0833101,1.7145214,1.3183498,1.4923673,1.5013045,0.7617106,0.4635955,0.77471435
61,0.7870284,0.62813693,0.43638384,0.674006,0.21107289,0.6339916,0.70062584,0.6600194,0.4321203,0.7567102,0.44180858,2.1574128,1.6102958,1.7421433,1.002114,1.5718242,1.5576731,0.33235222,0.61650544,0.88515896
62,0.97937334,0.38998818,0.3086122,0.42518547,0.56336784,0.40549374,0.6092058,0.8924322,0.5355647,0.6296268,0.55344427,1.4269892,0.8790782,1.276909,0.660541,1.030228,1.2185324,0.35837758,0.49528185,0.68034357
63,0.37871447,0.26071054,0.23859625,0.36493024,0.48467273,0.5020182,0.4050286,0.401781,0.55084026,0.37611854,0.62013656,0.4582316,1.3326651,0.5567641,0.5201172,0.5431397,0.56843555,0.18683231,0.41827264,0.707014
64,1.2385353,0.3238237,0.5779152,0.7004525,0.6102316,0.71922934,0.5451426,0.47431958,0.69703203,0.7159978,0.3797328,0.90760577,1.8620011,0.85609776,0.6022392,0.7912189,0.9597041,0.4097574,0.37465054,0.5910706
65,1.3849249,0.3765193,0.4620975,0.5451591,0.7836625,0.47888738,0.5981517,0.3790847,0.48534596,0.22688317,0.44022027,0.893613,1.2035676,0.5523191,0.3758484,0.8239259,0.71230406,0.42080224,0.40854988,0.6872371
66,0.93199855,0.2601098,0.7626647,0.62098753,0.56152177,0.21049477,0.17945114,0.20644051,0.21616623,0.63461137,0.25870135,0.44473988,0.81712294,0.49128288,0.1923697,0.47255158,0.07767864,0.18979377,0.3651683,0.49059603
67,0.22033945,0.5714286,0.46626446,0.74025786,0.7984693,0.43475607,0.2963077,0.32282987,0.23664446,1.2377638,0.25316086,0.27341026,0.8839666,0.5234394,0.36938184,0.43893903,0.14783043,0.43348846,0.31622848,0.4555709
68,0.5706675,0.8814761,0.33290598,0.49055648,1.2535076,0.7523877,0.5198224,0.53822845,0.35394698,0.4150993,0.402403,0.3853721,1.4638567,0.88134456,0.273382,0.5685611,0.3971921,0.63297653,0.34460324,0.48338616
69,0.2766273,0.9588806,0.58858824,0.8845707,0.67591083,0.5423218,0.2104579,0.16317227,0.36968055,0.63413286,0.53030324,0.3769425,0.96964073,0.81226265,0.38459972,0.552273,0.5548428,0.2784893,0.33925205,0.39461347
70,0.41757762,0.887243,0.85797495,0.5192401,0.6238152,0.5518044,0.5373801,0.43753368,0.39007473,1.6242372,0.68349385,0.32021055,1.1662399,0.6903803,0.817053,0.9840364,1.0451394,0.63208354,0.16974516,0.15634407
71,0.5193776,0.9139929,0.68641865,0.37412992,1.0301362,0.40711522,1.0628507,1.1229448,0.55389583,1.1897507,0.7399028,0.44432637,0.956287,0.63930976,0.73461,1.1813816,0.93357193,1.0434608,0.23242712,0.32690197
72,0.38077238,0.63492537,1.1550499,0.5372848,0.6945881,0.27237266,0.7193172,0.67305446,0.88527745,0.4028912,0.3417867,0.31811652,1.708911,0.5373407,0.8920043,1.1310103,0.79234016,0.6673343,0.1934944,0.33960733
73,0.8003932,1.723972,0.8844602,0.5695034,0.41976044,1.4527359,0.74529046,0.60574496,0.34045738,1.3312858,1.0816839,0.6326821,1.4486157,1.82011,0.96106786,1.1240317,0.68643063,0.6773346,1.1161923,0.22691445
74,0.78043604,1.9563566,0.89400744,0.55731374,1.0527943,1.3152571,0.32486457,0.1790134,0.24099362,1.7837104,1.5799212,0.67793095,1.2367558,2.4586143,0.8434315,1.1519127,1.0985434,0.7718661,1.1937453,0.44106957
75,1.022747,1.4307828,0.37904426,1.1207772,1.3256073,1.5757523,0.28026834,0.52308935,0.38378,0.98504555,1.415463,0.605308,0.9351606,2.0648284,0.3909792,0.95057523,0.72341627,0.48736632,1.4595368,0.6278443
76,0.56127286,0.8026225,0.9722248,0.5739456,1.0868787,0.6955066,0.5464835,0.49928597,1.0571177,1.2203946,0.83886296,0.48917985,0.9777702,2.5064728,0.8983753,1.6918793,0.5694442,0.5112513,0.78899187,0.91504264
77,0.5167078,1.214862,1.0538895,1.6435893,1.0216893,0.7726931,1.119728,1.283662,1.6594857,1.0885297,1.9192152,0.80165076,1.2294008,1.8121521,1.5979633,1.8857969,1.9297875,0.77058065,0.8748816,1.490162
78,0.6019985,2.2792566,0.8546033,1.0599413,1.9793786,0.48789,1.2571115,1.6081307,0.74108714,0.7127601,0.35230514,1.0606236,1.3213265,1.2807717,2.2924476,1.251291,0.42370114,1.1459807,0.49972886,0.23723525
79,0.55822706,3.2129903,0.82038915,1.0742687,1.3541733,0.6205578,1.369075,1.7456095,0.8904123,0.7297871,0.89309925,0.90710306,2.3405566,1.3095732,3.3663075,2.370971,2.5938563,1.5722066,0.6977035,0.8601514
80,0.5813655,2.1218493,0.4684003,0.63334864,0.43672135,0.60270894,0.6752426,1.0717709,0.29395738,0.43914092,0.93459475,0.35093817,1.4379573,0.9249206,2.3607676,1.7767664,1.2763232,1.0945954,0.56886065,1.0915482
81,0.8122069,0.8606524,0.97294533,1.019606,0.93936783,1.0899168,0.6698043,0.48172078,1.0453722,0.44936046,1.1718196,0.65303636,0.67758226,0.8193544,0.67847794,0.46383268,1.0479786,0.36273545,0.83298916,1.1798847
82,0.8219715,1.619656,0.36260933,0.16720864,0.942232,1.5223598,0.31939512,0.40756065,1.1024745,0.45134395,1.3735418,0.94495714,1.3900497,0.36443102,0.86095554,1.5321623,1.1918106,0.50754225,1.0052812,0.82248646
83,0.29545796,1.3912219,0.15612647,0.52426815,0.4312376,0.69767505,0.485582,0.3619504,1.0077826,0.39922985,0.4743046,0.70195997,1.0468576,2.3891919,0.8064534,0.58713615,1.2436024,0.7653257,0.7925006,0.61657983
84,0.58074236,0.89562637,0.22821774,0.6237526,0.12707482,0.2929478,0.42569402,0.257699,0.2735001,0.34044147,0.68924594,0.4978237,0.8902411,0.7477189,0.71599525,1.0301175,1.1378217,0.555174,0.6976479,0.6858161
85,0.5027064,0.46801957,0.3268168,0.41881493,0.24777451,0.4018158,0.46157157,0.14386931,0.5152079,0.32862335,0.47582647,0.5049067,1.1402217,0.9994548,0.18871386,0.54954535,0.8699927,0.39102954,0.31685728,0.76813453
86,0.15666634,0.6450211,0.47209376,0.56256825,0.43026355,0.30088294,0.57827693,0.5874533,0.30454823,0.2915088,0.58074194,0.6785906,0.77497387,1.4538596,0.45135507,0.39849487,0.9066068,0.5342132,0.6017214,0.41700402
87,0.29087198,0.9095026,0.5437534,0.252335,0.72226596,0.65611356,0.6777761,0.53774714,0.27179682,0.17022721,0.4870897,1.0976491,0.35664785,1.6054398,0.7327482,0.3343011,0.44526473,0.2402645,0.241502,0.42138276
88,0.4395482,0.5379005,0.80115014,0.17395072,1.0922233,0.5717892,0.62231934,0.24603182,0.59037733,0.09916138,0.6972303,0.45855838,0.69997644,0.5956377,1.7460622,0.41536716,0.62494636,0.345474,0.19441675,1.0397084
89,0.6021279,0.5843461,0.90472525,0.28016797,0.5636737,0.9506349,0.80653137,0.75523984,0.4079805,0.29537567,0.49351722,0.4286326,0.5982324,0.300934,1.2693602,0.73541236,0.7072001,0.5538116,1.0690844,1.3765352
90,1.0754899,0.47197703,0.8333425,0.33047596,0.81900424,1.2155547,1.218311,1.070924,0.19411814,0.9336009,0.96007705,0.46080685,0.43721426,1.3381392,0.7721916,0.69154555,0.5756082,1.2127904,0.92463344,0.9747356
91,1.2480353,0.5256957,0.9153241,0.69496083,0.74978846,0.84396064,0.64464915,0.82137144,0.5291584,0.60401833,0.86694443,0.5962404,0.5237261,1.6295986,1.368201,0.7712835,0.7506669,0.9186202,1.0174528,0.737904
92,0.49483007,0.47467437,0.94794494,0.6502547,1.1116365,1.0839354,0.5760144,0.41997856,0.6837811,0.47015432,0.6049458,0.7820514,0.26797205,1.4704925,1.4390732,0.73576623,0.9676485,0.74505204,1.7291217,0.47854102
93,0.56332475,0.20985435,0.4821841,0.45024785,1.0787162,1.0418965,0.541291,0.74292094,0.5762886,0.43863145,0.42718405,0.76490575,0.40306976,0.8197793,0.5247974,1.0476056,0.27157786,0.54544824,0.98388815,0.29942444
94,0.5002365,0.2608928,0.3835686,0.671853,0.35441172,0.92723835,0.57354397,0.24343051,1.5175723,0.45176178,1.0822381,0.9879368,0.85814327,0.52660465,0.9295462,0.9813005,1.3244413,0.7281205,1.3489565,0.8861084
95,0.25348243,0.21150151,0.28778142,0.38801074,0.3981448,0.6261228,0.44373083,0.22237375,0.50419295,0.33439258,0.5114596,1.1993498,0.4704501,0.8007949,0.77888626,0.6595769,0.9864409,0.19997446,0.4437668,1.6497872
96,0.2640428,0.20855345,0.31424022,0.9516597,0.37757233,0.4079022,0.37186706,0.16844861,0.41800833,0.639385,0.5125164,0.7638808,0.5320907,0.59281,0.65702176,1.046815,0.7194036,0.24344416,0.39622292,0.55894685
97,0.47686088,0.19379903,0.46538818,0.7719647,0.34924936,0.42451546,0.506035,0.31510165,0.6406306,0.5150924,0.9463887,1.1211358,0.8768425,0.5570682,0.18425636,1.2931658,1.0646257,0.9017367,0.9767622,0.45311654
98,0.65970147,0.17087282,0.12209243,1.0677809,0.7296903,0.18355559,0.89070714,0.24152765,0.41065907,0.45941308,0.45215935,1.6958373,1.0381297,0.45057043,0.21509138,1.2501501,1.0500164,0.27527893,1.2620213,0.784934
99,0.32535917,0.3476808,0.2647508,0.35536125,0.37994322,0.18301296,0.32101178,0.3389372,0.34692353,0.4149479,0.31705156,0.92726016,0.27273574,0.6302032,0.7255026,1.0458182,0.94817555,0.31348678,0.99957824,1.0816145
100,0.46229714,0.49248075,0.34271163,0.57853764,0.17975818,0.35971496,0.6321697,0.4711916,0.5645163,0.51139784,0.43876714,1.3321394,0.43060192,0.9672047,0.8553805,0.661826,1.0682348,0.43312877,1.4741994,1.3191714
101,2.4120803,0.44726193,0.4399812,0.5102571,0.26245525,0.66726863,0.5793901,0.23266676,0.3958605,0.510001,0.3242944,1.0132481,0.4671883,1.2109883,0.61493695,0.6624951,0.8954206,0.42005128,1.1967416,1.0617788
102,0.91543007,0.35885397,0.36594597,0.2206653,0.36041784,0.6221605,0.6146745,0.42880902,0.7059885,0.48152965,0.22098419,0.44490227,0.6711791,1.1030434,0.44858843,0.66727775,0.7513722,0.35953328,1.4676316,0.5534002
103,1.2941155,0.35657823,0.40982422,0.38497904,0.2637357,0.9383824,0.83297706,0.85523033,1.1469872,0.42262894,0.59013206,2.1873772,1.3285,1.4997102,0.9249704,1.4235444,1.2158389,0.52867895,1.1683757,1.1645553
104,0.75923544,0.38829404,0.2019958,0.45855352,0.24529886,0.3394145,0.6791165,0.355753,1.3090761,0.41966462,0.77273744,0.83615166,1.7004223,0.782422,0.7645614,1.7264428,1.0330453,0.41008657,0.81717783,0.8042809
105,1.1684417,1.82214,0.7589123,1.2310325,0.84182966,0.77992564,0.9784804,0.7343896,1.1012466,0.63170123,1.1138078,1.8853663,1.2593286,0.96177,1.3715807,2.1644094,1.4373604,1.1751326,1.2309322,0.6029116
106,1.0076426,0.8001261,0.78422326,1.0272936,1.5431892,1.2402537,1.2636964,1.1145854,1.2811669,1.1899589,1.4500715,1.598005,1.3466395,0.89348376,0.9237021,1.5998291,2.036825,1.0523838,2.0556393,1.2620131
107,1.2705257,1.3641251,0.5050205,0.94359094,0.87170255,0.38767064,0.74987197,0.66009885,0.5844985,0.45613244,0.3566601,0.31602988,1.3316021,0.45781693,0.9551661,1.6571764,1.2283566,0.90370655,1.6641556,0.84066164
108,0.5158746,1.541444,0.52172476,1.1581523,0.35910693,0.8550725,0.6555894,0.61197394,0.76249295,0.7937112,0.7784771,1.0053236,1.8233025,0.693808,0.94190353,1.5986645,1.5119839,0.8540896,0.92800593,1.6176927
109,0.8815239,1.5855461,0.67591465,0.4461997,0.84783405,0.50561124,0.761838,0.8971815,0.44848385,0.5817607,0.4315013,0.7118786,1.3050499,1.453288,1.0887383,1.479624,1.6822213,0.32926223,1.4130539,1.2362908
110,0.35139588,1.6019269,0.38174662,1.6977698,0.79062927,0.48576388,0.6298984,0.96723896,0.17175466,0.42287865,0.8413907,0.7299292,1.5088474,0.96954095,1.4825159,1.0788157,1.8477365,0.35022908,0.56593174,1.1942414
111,0.9957977,2.097147,0.49592257,1.0946968,0.2808233,0.8566887,0.874758,0.8015316,0.21893324,0.32776785,0.42030293,1.1511291,1.9815605,1.4883102,2.0339382,1.4185216,2.0132065,0.34423965,0.69576174,1.5294492
112,0.31397414,1.5947645,0.37055552,0.6599075,0.3741054,0.8577084,1.0110186,0.8023703,0.9071849,0.84589064,1.1884758,1.5565525,1.5256795,1.5572244,1.9561261,1.019142,1.6816019,0.46897134,1.0313025,0.9347498
113,0.1197078,0.35128587,0.30354306,1.9991833,0.7356542,0.62021303,0.6129624,0.51886535,0.72647667,0.51404846,1.7572961,1.549646,0.23180155,0.8044985,1.1991587,0.6556524,1.768509,0.91926116,1.1806945,0.7116254
114,0.3377983,0.5166142,0.30202404,0.8020065,1.3151405,0.61158586,1.5747658,0.76333296,0.29489267,0.2170196,0.83089286,0.97075635,0.48323798,0.67166597,1.638464,0.9387007,1.5701236,1.2421639,0.6985482,0.6695708
115,0.1744879,1.4535257,0.2074944,0.557553,0.49261,0.545212,0.38832718,0.5727047,0.29379287,0.18971086,0.5407775,1.0091628,1.4528692,0.7689838,0.5597144,0.7935643,1.0334135,0.14514734,0.65263075,0.63174117
116,0.1837875,1.1285917,0.057055928,0.7874557,0.36897588,0.50857073,0.4725453,0.6309303,0.23010837,0.1410941,0.5176188,1.100961,1.4402958,0.615985,0.516525,1.1672665,0.9876448,0.7352426,0.49413687,0.336873
117,0.35456336,1.2167159,0.39298078,0.36816618,0.21981476,1.0505912,0.3410415,0.44367188,0.1251996,0.30652496,0.6317748,0.5565871,1.5948433,0.50767905,0.32807967,1.1897023,2.0394604,0.31066415,0.65985215,1.2194971
118,0.55020237,1.2425427,0.5227079,0.704172,0.53193235,0.9519741,0.33411154,0.31605476,0.75966346,0.26201043,0.64726484,0.7946025,1.0416688,0.81174755,0.390688,0.63990307,2.063454,0.48755556,0.8542184,0.76486546
119,0.52544695,0.7322965,0.5247484,0.34460908,0.5823747,0.4406228,0.2610399,0.36516383,1.2902873,0.10090208,0.9211046,0.33756566,0.60311234,0.62261873,0.5423199,0.69459254,0.3120773,0.27042362,0.48892426,0.43661252
120,0.3814158,0.17082264,0.3893926,0.21020186,0.5558937,0.5700402,0.102026395,0.36317253,0.75947034,0.10661891,1.1208153,0.38620958,1.6859833,0.52250147,0.68633574,0.46131918,0.42717957,0.82231057,0.55378246,0.48578182
121,0.32529166,0.72976077,0.7003231,0.62722677,0.40597007,0.3081298,0.32052833,0.30409083,0.39636946,0.21285322,1.3068981,1.1797814,1.5994071,0.69470626,0.8475825,0.5245183,0.5878146,0.42230603,0.32705224,0.23870862
122,0.48737264,0.4032358,1.2425898,1.1848764,0.7740894,0.23589502,0.20691621,0.9510972,0.3789173,0.24837372,1.4014124,1.2023311,1.0189441,1.5267873,1.008676,0.6190708,0.54368836,1.1063262,0.34166336,0.24424094
123,0.5700677,0.54707754,1.6036371,0.98015136,0.61773455,0.25896946,0.49327224,0.7372868,0.5966791,0.29351935,1.554033,1.0660392,1.2266167,1.4116111,0.92432797,0.7890634,0.7317874,0.56903505,0.6236278,0.41733035
124,0.6824969,0.7955015,1.046573,0.5645928,0.72096,0.6066989,0.43576914,0.9716322,1.0253974,0.30665427,0.8147112,1.5778985,0.48747733,1.1738684,0.5002857,0.4316758,0.2404845,1.2764494,0.97264993,0.4755119
125,0.50072044,0.39195827,0.22685438,0.32663196,1.0147144,0.54684764,0.4358331,0.60881114,0.846478,0.3228588,0.6387703,1.5685154,0.48523012,0.87053096,0.46844614,0.43753895,0.56691945,0.7366658,0.829091,0.8413156
126,0.98633194,0.45196345,0.30122745,0.24608845,1.2735143,0.8393792,0.6368983,0.693238,1.1173927,0.7507179,1.0965829,1.0744553,0.6391492,0.95102507,0.54235786,0.8436542,0.6120038,0.91042686,1.417351,1.0058868
127,0.8735932,0.47925985,0.5103357,0.22324541,1.0730069,0.9917741,0.47323316,0.49972615,1.1543845,0.52433276,0.7673362,0.61402357,0.6387168,0.87284607,1.98151,0.9524761,0.61926425,0.71283734,1.3840395,1.137131
128,0.40403306,0.5303816,0.6033655,0.3025517,0.501458,0.7166524,0.25824592,0.30437532,0.7379415,0.24368954,0.4789371,1.9358736,0.6188623,1.0142834,1.1968799,0.72464997,0.57021517,0.36701122,0.71514136,1.0000515
129,0.2868424,0.3115965,0.3563143,0.7563231,0.37729934,0.2724496,0.098039895,0.27687475,0.17544411,0.52737325,0.34051844,0.7901532,0.5672984,0.26404843,0.7310216,0.50235087,0.99674284,0.19143073,0.4509083,0.6860099
130,0.30635417,0.8814735,0.31686586,0.9114041,0.7337082,0.34215674,0.25262016,0.3790738,0.4815321,0.38633192,0.25988737,0.3530211,1.0213798,0.68968534,1.005425,1.0662827,0.8897655,0.18865933,0.49883175,0.6877711
131,0.18403979,1.13874,0.43244886,0.96988994,0.8080613,0.25416434,0.18282582,0.29405308,0.36436057,0.36156398,0.4466078,0.45623755,1.0044638,0.86159074,0.7290122,1.2480748,1.0145751,0.320395,0.8831323,0.91273457
132,0.35278866,1.1313672,0.28438073,1.1656133,0.43377292,0.39162353,0.22320813,0.16696285,0.07388807,0.3976364,0.48342672,0.6765899,0.55699,0.81091624,0.61701095,1.0553794,0.36995393,0.48684666,0.67602706,1.0002706
133,0.48208448,1.3634224,0.33048898,1.1915296,0.52849865,0.42449453,0.2348536,0.36349767,0.3614007,0.5292542,0.6136834,0.5973877,0.5712256,1.2987396,0.7092717,1.1747775,0.7704821,0.49057254,1.7357286,1.1565318
134,0.9856074,1.2932248,0.6620769,0.7098601,0.8356643,0.6484387,1.9068885,0.93463296,0.5553321,1.1373731,0.6684782,1.0363662,1.1921798,0.8854225,1.6647675,0.8975879,0.67718637,0.49182948,2.7877328,1.4045453
135,1.7223046,1.783023,1.8878747,0.6587646,1.4171629,2.0939608,1.1078632,1.3678727,2.203892,1.4821415,2.120559,1.9210865,2.3464115,1.1564807,1.5232579,1.1380982,2.1699574,2.0781515,2.678993,1.9055196
136,4.1869454,4.7222457,4.170981,1.9549482,4.313061,4.8707848,3.5593424,4.030529,4.745321,3.9256296,4.797143,4.52311,4.178461,4.1405573,3.306124,2.1826448,4.86627,4.445413,4.999469,3.6665282
